{
  "Working Directory" : "\/Users\/kyu08",
  "Prompt Before Closing 2" : false,
  "Selected Text Color" : {
    "Green Component" : 0.96665072441101074,
    "Blue Component" : 0.9264865517616272,
    "Red Component" : 0.97033727169036865
  },
  "Rows" : 25,
  "Ansi 11 Color" : {
    "Green Component" : 0.35025951266288757,
    "Blue Component" : 0.1833186000585556,
    "Red Component" : 0.46875584125518799
  },
  "Use Italic Font" : true,
  "HotKey Characters" : "",
  "Foreground Color" : {
    "Green Component" : 0.96665072441101074,
    "Blue Component" : 0.9264865517616272,
    "Red Component" : 0.97033727169036865
  },
  "HotKey Window Floats" : true,
  "Right Option Key Sends" : 0,
  "Character Encoding" : 4,
  "Selection Color" : {
    "Green Component" : 0.34349527955055237,
    "Blue Component" : 0.46659797430038452,
    "Red Component" : 0.089366093277931213
  },
  "Blend" : 0.5,
  "Mouse Reporting" : true,
  "Ansi 4 Color" : {
    "Green Component" : 0.60329484939575195,
    "Blue Component" : 0.82943236827850342,
    "Red Component" : 0.29914027452468872
  },
  "Non-ASCII Anti Aliased" : true,
  "Sync Title" : false,
  "Disable Window Resizing" : true,
  "Description" : "Default",
  "Close Sessions On End" : true,
  "Jobs to Ignore" : [
    "rlogin",
    "ssh",
    "slogin",
    "telnet"
  ],
  "Scrollback Lines" : 1000,
  "HotKey Window Reopens On Activation" : true,
  "Flashing Bell" : false,
  "Cursor Guide Color" : {
    "Red Component" : 0.70213186740875244,
    "Color Space" : "sRGB",
    "Blue Component" : 1,
    "Alpha Component" : 0.25,
    "Green Component" : 0.9268307089805603
  },
  "BM Growl" : true,
  "Ansi 3 Color" : {
    "Green Component" : 0.70341014862060547,
    "Blue Component" : 0.16496320068836212,
    "Red Component" : 0.91225624084472656
  },
  "Use Non-ASCII Font" : false,
  "Link Color" : {
    "Red Component" : 0,
    "Color Space" : "sRGB",
    "Blue Component" : 0.73423302173614502,
    "Alpha Component" : 1,
    "Green Component" : 0.35916060209274292
  },
  "Shortcut" : "",
  "Background Image Location" : "",
  "Bold Color" : {
    "Green Component" : 1,
    "Blue Component" : 0.98028081655502319,
    "Red Component" : 1
  },
  "Unlimited Scrollback" : false,
  "Custom Command" : "No",
  "HotKey Key Code" : 0,
  "Keyboard Map" : {
    "0xf700-0x260000" : {
      "Action" : 10,
      "Text" : "[1;6A"
    },
    "0x37-0x40000" : {
      "Action" : 11,
      "Text" : "0x1f"
    },
    "0x32-0x40000" : {
      "Action" : 11,
      "Text" : "0x00"
    },
    "0xf709-0x20000" : {
      "Action" : 10,
      "Text" : "[17;2~"
    },
    "0xf70c-0x20000" : {
      "Action" : 10,
      "Text" : "[20;2~"
    },
    "0xf729-0x20000" : {
      "Action" : 10,
      "Text" : "[1;2H"
    },
    "0xf72b-0x40000" : {
      "Action" : 10,
      "Text" : "[1;5F"
    },
    "0xf705-0x20000" : {
      "Action" : 10,
      "Text" : "[1;2Q"
    },
    "0xf703-0x260000" : {
      "Action" : 10,
      "Text" : "[1;6C"
    },
    "0xf700-0x220000" : {
      "Action" : 10,
      "Text" : "[1;2A"
    },
    "0xf701-0x280000" : {
      "Action" : 11,
      "Text" : "0x1b 0x1b 0x5b 0x42"
    },
    "0x38-0x40000" : {
      "Action" : 11,
      "Text" : "0x7f"
    },
    "0x33-0x40000" : {
      "Action" : 11,
      "Text" : "0x1b"
    },
    "0xf703-0x220000" : {
      "Action" : 10,
      "Text" : "[1;2C"
    },
    "0xf701-0x240000" : {
      "Action" : 10,
      "Text" : "[1;5B"
    },
    "0xf70d-0x20000" : {
      "Action" : 10,
      "Text" : "[21;2~"
    },
    "0xf702-0x260000" : {
      "Action" : 10,
      "Text" : "[1;6D"
    },
    "0xf729-0x40000" : {
      "Action" : 10,
      "Text" : "[1;5H"
    },
    "0xf706-0x20000" : {
      "Action" : 10,
      "Text" : "[1;2R"
    },
    "0x34-0x40000" : {
      "Action" : 11,
      "Text" : "0x1c"
    },
    "0xf700-0x280000" : {
      "Action" : 11,
      "Text" : "0x1b 0x1b 0x5b 0x41"
    },
    "0x2d-0x40000" : {
      "Action" : 11,
      "Text" : "0x1f"
    },
    "0xf70e-0x20000" : {
      "Action" : 10,
      "Text" : "[23;2~"
    },
    "0xf702-0x220000" : {
      "Action" : 10,
      "Text" : "[1;2D"
    },
    "0xf703-0x280000" : {
      "Action" : 11,
      "Text" : "0x1b 0x1b 0x5b 0x43"
    },
    "0xf700-0x240000" : {
      "Action" : 10,
      "Text" : "[1;5A"
    },
    "0xf707-0x20000" : {
      "Action" : 10,
      "Text" : "[1;2S"
    },
    "0xf70a-0x20000" : {
      "Action" : 10,
      "Text" : "[18;2~"
    },
    "0x35-0x40000" : {
      "Action" : 11,
      "Text" : "0x1d"
    },
    "0xf70f-0x20000" : {
      "Action" : 10,
      "Text" : "[24;2~"
    },
    "0xf703-0x240000" : {
      "Action" : 10,
      "Text" : "[1;5C"
    },
    "0xf701-0x260000" : {
      "Action" : 10,
      "Text" : "[1;6B"
    },
    "0xf702-0x280000" : {
      "Action" : 11,
      "Text" : "0x1b 0x1b 0x5b 0x44"
    },
    "0xf72b-0x20000" : {
      "Action" : 10,
      "Text" : "[1;2F"
    },
    "0x36-0x40000" : {
      "Action" : 11,
      "Text" : "0x1e"
    },
    "0xf708-0x20000" : {
      "Action" : 10,
      "Text" : "[15;2~"
    },
    "0xf701-0x220000" : {
      "Action" : 10,
      "Text" : "[1;2B"
    },
    "0xf70b-0x20000" : {
      "Action" : 10,
      "Text" : "[19;2~"
    },
    "0xf702-0x240000" : {
      "Action" : 10,
      "Text" : "[1;5D"
    },
    "0xf704-0x20000" : {
      "Action" : 10,
      "Text" : "[1;2P"
    }
  },
  "Ansi 14 Color" : {
    "Green Component" : 0.73511248826980591,
    "Blue Component" : 0.79221165180206299,
    "Red Component" : 0.46331635117530823
  },
  "Ansi 2 Color" : {
    "Green Component" : 0.71854472160339355,
    "Blue Component" : 0.35710996389389038,
    "Red Component" : 0.48304364085197449
  },
  "Send Code When Idle" : false,
  "ASCII Anti Aliased" : true,
  "Tags" : [

  ],
  "Ansi 9 Color" : {
    "Green Component" : 0.55888265371322632,
    "Blue Component" : 0.651419997215271,
    "Red Component" : 0.81987529993057251
  },
  "Use Bold Font" : true,
  "Silence Bell" : false,
  "Ansi 12 Color" : {
    "Green Component" : 0.34725069999694824,
    "Blue Component" : 0.47479093074798584,
    "Red Component" : 0.074933364987373352
  },
  "Window Type" : 1,
  "Use Bright Bold" : true,
  "Has Hotkey" : true,
  "HotKey Modifier Activation" : 2,
  "Cursor Text Color" : {
    "Green Component" : 0.22283002734184265,
    "Blue Component" : 0.20856963098049164,
    "Red Component" : 0.20568123459815979
  },
  "HotKey Window Dock Click Action" : 0,
  "Default Bookmark" : "No",
  "Cursor Color" : {
    "Green Component" : 0.81186991930007935,
    "Blue Component" : 0.31030187010765076,
    "Red Component" : 0.92885816097259521
  },
  "Ansi 1 Color" : {
    "Green Component" : 0.24660280346870422,
    "Blue Component" : 0.38021323084831238,
    "Red Component" : 0.81089001893997192
  },
  "Name" : "Hotkey Window",
  "Blinking Cursor" : true,
  "Guid" : "4341CA4F-0DE9-4035-A1C3-2ACAF3E8C019",
  "Idle Code" : 0,
  "Ansi 10 Color" : {
    "Green Component" : 0.49610027670860291,
    "Blue Component" : 0.17100538313388824,
    "Red Component" : 0.46425256133079529
  },
  "Ansi 8 Color" : {
    "Green Component" : 0.3565424382686615,
    "Blue Component" : 0.34851333498954773,
    "Red Component" : 0.34871619939804077
  },
  "Badge Color" : {
    "Red Component" : 1,
    "Color Space" : "sRGB",
    "Blue Component" : 0,
    "Alpha Component" : 0.5,
    "Green Component" : 0.1491314172744751
  },
  "Ambiguous Double Width" : false,
  "Blur Radius" : 2,
  "Cursor Type" : 1,
  "Ansi 0 Color" : {
    "Green Component" : 0.22283002734184265,
    "Blue Component" : 0.20856963098049164,
    "Red Component" : 0.20568123459815979
  },
  "Blur" : true,
  "Normal Font" : "Monaco 13",
  "Vertical Spacing" : 1,
  "Ansi 7 Color" : {
    "Green Component" : 0.98070180416107178,
    "Blue Component" : 0.96549803018569946,
    "Red Component" : 0.98026049137115479
  },
  "Space" : -1,
  "HotKey Window AutoHides" : false,
  "Command" : "",